{"cameraMode":{"drawMode":0,"name":"Shaded","section":"Shading Mode"},"sceneLighting":true,"audioPlay":false,"sceneViewState":{"m_AlwaysRefresh":false,"showFog":true,"showSkybox":true,"showFlares":true,"showImageEffects":true,"showParticleSystems":true,"showVisualEffectGraphs":true,"m_FxEnabled":true},"in2DMode":false,"pivot":{"x":-7.549161434173584,"y":-34.492244720458987,"z":-15.565653800964356},"rotation":{"x":-0.005789374932646751,"y":0.8986690044403076,"z":-0.43843549489974978,"w":-0.011866936460137368},"size":45.648048400878909,"orthographic":false}